ID, RELATIVE_PATH, FILENAME
5320860, /ubc/cs/project/arrow/projects/Sat_Data/bench/./SAT_Competition2007/random/2+p/p0.7/v6500/, unif2p-p0.7-v6500-c17355-S2060375179-19-SAT.cnf
5320861, /ubc/cs/project/arrow/projects/Sat_Data/bench/./SAT_Competition2007/random/2+p/p0.7/v6500/, unif2p-p0.7-v6500-c17355-S1097641288-15-SAT.cnf
5320862, /ubc/cs/project/arrow/projects/Sat_Data/bench/./SAT_Competition2007/random/2+p/p0.7/v6500/, unif2p-p0.7-v6500-c17355-S384567560-10-UNKNOWN.cnf
5320863, /ubc/cs/project/arrow/projects/Sat_Data/bench/./SAT_Competition2007/random/2+p/p0.7/v6500/, unif2p-p0.7-v6500-c17355-S464355209-20-UNKNOWN.cnf
5320867, /ubc/cs/project/arrow/projects/Sat_Data/bench/./SAT_Competition2007/random/2+p/p0.7/v6500/, unif2p-p0.7-v6500-c17355-S152598520-02-SAT.cnf
5320868, /ubc/cs/project/arrow/projects/Sat_Data/bench/./SAT_Competition2007/random/2+p/p0.7/v6500/, unif2p-p0.7-v6500-c17355-S1326526519-03-SAT.cnf
5320869, /ubc/cs/project/arrow/projects/Sat_Data/bench/./SAT_Competition2007/random/2+p/p0.7/v6500/, unif2p-p0.7-v6500-c17355-S549070267-05-SAT.cnf
5320870, /ubc/cs/project/arrow/projects/Sat_Data/bench/./SAT_Competition2007/random/2+p/p0.7/v3500/, unif2p-p0.7-v3500-c9345-S1909130260-19-SAT.cnf
5320871, /ubc/cs/project/arrow/projects/Sat_Data/bench/./SAT_Competition2007/random/2+p/p0.7/v3500/, unif2p-p0.7-v3500-c9345-S1671384215-01-SAT.cnf
5320875, /ubc/cs/project/arrow/projects/Sat_Data/bench/./SAT_Competition2007/random/2+p/p0.7/v3500/, unif2p-p0.7-v3500-c9345-S1455331099-09-SAT.cnf
5320877, /ubc/cs/project/arrow/projects/Sat_Data/bench/./SAT_Competition2007/random/2+p/p0.7/v3500/, unif2p-p0.7-v3500-c9345-S1286605994-07-SAT.cnf
5320878, /ubc/cs/project/arrow/projects/Sat_Data/bench/./SAT_Competition2007/random/2+p/p0.7/v3500/, unif2p-p0.7-v3500-c9345-S1568322528-08-SAT.cnf
5320880, /ubc/cs/project/arrow/projects/Sat_Data/bench/./SAT_Competition2007/random/2+p/p0.7/v5500/, unif2p-p0.7-v5500-c14685-S1568197186-18-SAT.cnf
5320882, /ubc/cs/project/arrow/projects/Sat_Data/bench/./SAT_Competition2007/random/2+p/p0.7/v5500/, unif2p-p0.7-v5500-c14685-S1517457236-16-SAT.cnf
5320884, /ubc/cs/project/arrow/projects/Sat_Data/bench/./SAT_Competition2007/random/2+p/p0.7/v5500/, unif2p-p0.7-v5500-c14685-S499481065-10-SAT.cnf
5320885, /ubc/cs/project/arrow/projects/Sat_Data/bench/./SAT_Competition2007/random/2+p/p0.7/v5500/, unif2p-p0.7-v5500-c14685-S30788164-07-SAT.cnf
5320886, /ubc/cs/project/arrow/projects/Sat_Data/bench/./SAT_Competition2007/random/2+p/p0.7/v5500/, unif2p-p0.7-v5500-c14685-S915337037-05-SAT.cnf
5320890, /ubc/cs/project/arrow/projects/Sat_Data/bench/./SAT_Competition2007/random/2+p/p0.7/v4500/, unif2p-p0.7-v4500-c12015-S1705860047-05-SAT.cnf
5320891, /ubc/cs/project/arrow/projects/Sat_Data/bench/./SAT_Competition2007/random/2+p/p0.7/v4500/, unif2p-p0.7-v4500-c12015-S1352949000-03-SAT.cnf
5320894, /ubc/cs/project/arrow/projects/Sat_Data/bench/./SAT_Competition2007/random/2+p/p0.7/v4500/, unif2p-p0.7-v4500-c12015-S1973057201-08-SAT.cnf
5320895, /ubc/cs/project/arrow/projects/Sat_Data/bench/./SAT_Competition2007/random/2+p/p0.7/v4500/, unif2p-p0.7-v4500-c12015-S1545977164-16-SAT.cnf
5320896, /ubc/cs/project/arrow/projects/Sat_Data/bench/./SAT_Competition2007/random/2+p/p0.7/v4500/, unif2p-p0.7-v4500-c12015-S1821409123-12-SAT.cnf
5320900, /ubc/cs/project/arrow/projects/Sat_Data/bench/./SAT_Competition2007/random/2+p/p0.9/v990/, unif2p-p0.9-v990-c3583-S461590508-14-SAT.cnf
5320904, /ubc/cs/project/arrow/projects/Sat_Data/bench/./SAT_Competition2007/random/2+p/p0.9/v990/, unif2p-p0.9-v990-c3583-S516218553-20-SAT.cnf
5320906, /ubc/cs/project/arrow/projects/Sat_Data/bench/./SAT_Competition2007/random/2+p/p0.9/v990/, unif2p-p0.9-v990-c3583-S218623752-19-SAT.cnf
5320907, /ubc/cs/project/arrow/projects/Sat_Data/bench/./SAT_Competition2007/random/2+p/p0.9/v990/, unif2p-p0.9-v990-c3583-S592344929-16-SAT.cnf
5320909, /ubc/cs/project/arrow/projects/Sat_Data/bench/./SAT_Competition2007/random/2+p/p0.9/v990/, unif2p-p0.9-v990-c3583-S361865778-09-SAT.cnf
5320910, /ubc/cs/project/arrow/projects/Sat_Data/bench/./SAT_Competition2007/random/2+p/p0.9/v810/, unif2p-p0.9-v810-c2932-S1557868591-12-SAT.cnf
5320912, /ubc/cs/project/arrow/projects/Sat_Data/bench/./SAT_Competition2007/random/2+p/p0.9/v810/, unif2p-p0.9-v810-c2932-S1678549664-11-SAT.cnf
5320913, /ubc/cs/project/arrow/projects/Sat_Data/bench/./SAT_Competition2007/random/2+p/p0.9/v810/, unif2p-p0.9-v810-c2932-S1870497322-13-SAT.cnf
5320914, /ubc/cs/project/arrow/projects/Sat_Data/bench/./SAT_Competition2007/random/2+p/p0.9/v810/, unif2p-p0.9-v810-c2932-S1274825698-06-SAT.cnf
5320915, /ubc/cs/project/arrow/projects/Sat_Data/bench/./SAT_Competition2007/random/2+p/p0.9/v810/, unif2p-p0.9-v810-c2932-S1014417748-14-SAT.cnf
5320920, /ubc/cs/project/arrow/projects/Sat_Data/bench/./SAT_Competition2007/random/2+p/p0.9/v1170/, unif2p-p0.9-v1170-c4235-S1449408666-02-SAT.cnf
5320923, /ubc/cs/project/arrow/projects/Sat_Data/bench/./SAT_Competition2007/random/2+p/p0.9/v1170/, unif2p-p0.9-v1170-c4235-S2131244303-19-SAT.cnf
5320927, /ubc/cs/project/arrow/projects/Sat_Data/bench/./SAT_Competition2007/random/2+p/p0.9/v1170/, unif2p-p0.9-v1170-c4235-S1575802003-16-SAT.cnf
5320928, /ubc/cs/project/arrow/projects/Sat_Data/bench/./SAT_Competition2007/random/2+p/p0.9/v1170/, unif2p-p0.9-v1170-c4235-S30263233-06-SAT.cnf
5320929, /ubc/cs/project/arrow/projects/Sat_Data/bench/./SAT_Competition2007/random/2+p/p0.9/v1170/, unif2p-p0.9-v1170-c4235-S1091800488-20-SAT.cnf
5320931, /ubc/cs/project/arrow/projects/Sat_Data/bench/./SAT_Competition2007/random/2+p/p0.9/v630/, unif2p-p0.9-v630-c2280-S2094973797-12-SAT.cnf
5320933, /ubc/cs/project/arrow/projects/Sat_Data/bench/./SAT_Competition2007/random/2+p/p0.9/v630/, unif2p-p0.9-v630-c2280-S2099846342-04-SAT.cnf
5320934, /ubc/cs/project/arrow/projects/Sat_Data/bench/./SAT_Competition2007/random/2+p/p0.9/v630/, unif2p-p0.9-v630-c2280-S1244126495-18-SAT.cnf
5320935, /ubc/cs/project/arrow/projects/Sat_Data/bench/./SAT_Competition2007/random/2+p/p0.9/v630/, unif2p-p0.9-v630-c2280-S1788789488-19-SAT.cnf
5320937, /ubc/cs/project/arrow/projects/Sat_Data/bench/./SAT_Competition2007/random/2+p/p0.9/v630/, unif2p-p0.9-v630-c2280-S1804595013-08-SAT.cnf
5320940, /ubc/cs/project/arrow/projects/Sat_Data/bench/./SAT_Competition2007/random/2+p/p0.8/v1295/, unif2p-p0.8-v1295-c4027-S1665384822-14-SAT.cnf
5320943, /ubc/cs/project/arrow/projects/Sat_Data/bench/./SAT_Competition2007/random/2+p/p0.8/v1295/, unif2p-p0.8-v1295-c4027-S1762612346-15-SAT.cnf
5320945, /ubc/cs/project/arrow/projects/Sat_Data/bench/./SAT_Competition2007/random/2+p/p0.8/v1295/, unif2p-p0.8-v1295-c4027-S1679085272-10-SAT.cnf
5320947, /ubc/cs/project/arrow/projects/Sat_Data/bench/./SAT_Competition2007/random/2+p/p0.8/v1295/, unif2p-p0.8-v1295-c4027-S1209647106-12-SAT.cnf
5320948, /ubc/cs/project/arrow/projects/Sat_Data/bench/./SAT_Competition2007/random/2+p/p0.8/v1295/, unif2p-p0.8-v1295-c4027-S1476745538-08-SAT.cnf
5320953, /ubc/cs/project/arrow/projects/Sat_Data/bench/./SAT_Competition2007/random/2+p/p0.8/v2035/, unif2p-p0.8-v2035-c6328-S1891492462-09-SAT.cnf
5320955, /ubc/cs/project/arrow/projects/Sat_Data/bench/./SAT_Competition2007/random/2+p/p0.8/v2035/, unif2p-p0.8-v2035-c6328-S316347254-19-SAT.cnf
5320957, /ubc/cs/project/arrow/projects/Sat_Data/bench/./SAT_Competition2007/random/2+p/p0.8/v2035/, unif2p-p0.8-v2035-c6328-S1703132040-12-SAT.cnf
5320958, /ubc/cs/project/arrow/projects/Sat_Data/bench/./SAT_Competition2007/random/2+p/p0.8/v2035/, unif2p-p0.8-v2035-c6328-S668297284-15-SAT.cnf
5320959, /ubc/cs/project/arrow/projects/Sat_Data/bench/./SAT_Competition2007/random/2+p/p0.8/v2035/, unif2p-p0.8-v2035-c6328-S1137479270-03-SAT.cnf
5320965, /ubc/cs/project/arrow/projects/Sat_Data/bench/./SAT_Competition2007/random/2+p/p0.8/v2405/, unif2p-p0.8-v2405-c7479-S2084125686-20-SAT.cnf
5320966, /ubc/cs/project/arrow/projects/Sat_Data/bench/./SAT_Competition2007/random/2+p/p0.8/v2405/, unif2p-p0.8-v2405-c7479-S514014285-17-SAT.cnf
5320967, /ubc/cs/project/arrow/projects/Sat_Data/bench/./SAT_Competition2007/random/2+p/p0.8/v2405/, unif2p-p0.8-v2405-c7479-S183991542-09-SAT.cnf
5320969, /ubc/cs/project/arrow/projects/Sat_Data/bench/./SAT_Competition2007/random/2+p/p0.8/v2405/, unif2p-p0.8-v2405-c7479-S1163137157-19-SAT.cnf
5320970, /ubc/cs/project/arrow/projects/Sat_Data/bench/./SAT_Competition2007/random/2+p/p0.8/v2405/, unif2p-p0.8-v2405-c7479-S476496922-18-SAT.cnf
5320972, /ubc/cs/project/arrow/projects/Sat_Data/bench/./SAT_Competition2007/random/2+p/p0.8/v1665/, unif2p-p0.8-v1665-c5178-S64317265-01-SAT.cnf
5320976, /ubc/cs/project/arrow/projects/Sat_Data/bench/./SAT_Competition2007/random/2+p/p0.8/v1665/, unif2p-p0.8-v1665-c5178-S1386858597-08-SAT.cnf
5320978, /ubc/cs/project/arrow/projects/Sat_Data/bench/./SAT_Competition2007/random/2+p/p0.8/v1665/, unif2p-p0.8-v1665-c5178-S1404069132-16-SAT.cnf
5320979, /ubc/cs/project/arrow/projects/Sat_Data/bench/./SAT_Competition2007/random/2+p/p0.8/v1665/, unif2p-p0.8-v1665-c5178-S1939769766-11-SAT.cnf
5320980, /ubc/cs/project/arrow/projects/Sat_Data/bench/./SAT_Competition2007/random/2+p/p0.8/v1665/, unif2p-p0.8-v1665-c5178-S1363528912-04-SAT.cnf
5320981, /ubc/cs/project/arrow/projects/Sat_Data/bench/./SAT_Competition2007/random/LargeSize/5SAT/v800/, unif-k5-r20-v800-c16000-S1922669300-13.cnf
5320982, /ubc/cs/project/arrow/projects/Sat_Data/bench/./SAT_Competition2007/random/LargeSize/5SAT/v800/, unif-k5-r20-v800-c16000-S451874538-03.cnf
5320983, /ubc/cs/project/arrow/projects/Sat_Data/bench/./SAT_Competition2007/random/LargeSize/5SAT/v800/, unif-k5-r20-v800-c16000-S1063466123-05.cnf
5320984, /ubc/cs/project/arrow/projects/Sat_Data/bench/./SAT_Competition2007/random/LargeSize/5SAT/v800/, unif-k5-r20-v800-c16000-S2109328271-14.cnf
5320985, /ubc/cs/project/arrow/projects/Sat_Data/bench/./SAT_Competition2007/random/LargeSize/5SAT/v800/, unif-k5-r20-v800-c16000-S1059928571-06.cnf
5320986, /ubc/cs/project/arrow/projects/Sat_Data/bench/./SAT_Competition2007/random/LargeSize/5SAT/v800/, unif-k5-r20-v800-c16000-S409844453-15.cnf
5320987, /ubc/cs/project/arrow/projects/Sat_Data/bench/./SAT_Competition2007/random/LargeSize/5SAT/v800/, unif-k5-r20-v800-c16000-S191957358-10.cnf
5320989, /ubc/cs/project/arrow/projects/Sat_Data/bench/./SAT_Competition2007/random/LargeSize/5SAT/v800/, unif-k5-r20-v800-c16000-S1058323130-08.cnf
5320990, /ubc/cs/project/arrow/projects/Sat_Data/bench/./SAT_Competition2007/random/LargeSize/5SAT/v800/, unif-k5-r20-v800-c16000-S411047518-16.cnf
5320991, /ubc/cs/project/arrow/projects/Sat_Data/bench/./SAT_Competition2007/random/LargeSize/5SAT/v700/, unif-k5-r20-v700-c14000-S2034423571-08.cnf
5320992, /ubc/cs/project/arrow/projects/Sat_Data/bench/./SAT_Competition2007/random/LargeSize/5SAT/v700/, unif-k5-r20-v700-c14000-S1283500452-05.cnf
5320993, /ubc/cs/project/arrow/projects/Sat_Data/bench/./SAT_Competition2007/random/LargeSize/5SAT/v700/, unif-k5-r20-v700-c14000-S1744543366-13.cnf
5320994, /ubc/cs/project/arrow/projects/Sat_Data/bench/./SAT_Competition2007/random/LargeSize/5SAT/v700/, unif-k5-r20-v700-c14000-S2033299325-04.cnf
5320995, /ubc/cs/project/arrow/projects/Sat_Data/bench/./SAT_Competition2007/random/LargeSize/5SAT/v700/, unif-k5-r20-v700-c14000-S1691487811-15.cnf
5320996, /ubc/cs/project/arrow/projects/Sat_Data/bench/./SAT_Competition2007/random/LargeSize/5SAT/v700/, unif-k5-r20-v700-c14000-S1121059923-10.cnf
5320997, /ubc/cs/project/arrow/projects/Sat_Data/bench/./SAT_Competition2007/random/LargeSize/5SAT/v700/, unif-k5-r20-v700-c14000-S643005221-14.cnf
5320998, /ubc/cs/project/arrow/projects/Sat_Data/bench/./SAT_Competition2007/random/LargeSize/5SAT/v700/, unif-k5-r20-v700-c14000-S1638354370-16.cnf
5320999, /ubc/cs/project/arrow/projects/Sat_Data/bench/./SAT_Competition2007/random/LargeSize/5SAT/v700/, unif-k5-r20-v700-c14000-S471833188-06.cnf
5321000, /ubc/cs/project/arrow/projects/Sat_Data/bench/./SAT_Competition2007/random/LargeSize/5SAT/v700/, unif-k5-r20-v700-c14000-S1036103820-03.cnf
5321001, /ubc/cs/project/arrow/projects/Sat_Data/bench/./SAT_Competition2007/random/LargeSize/5SAT/v600/, unif-k5-r20-v600-c12000-S793374232-15.cnf
5321002, /ubc/cs/project/arrow/projects/Sat_Data/bench/./SAT_Competition2007/random/LargeSize/5SAT/v600/, unif-k5-r20-v600-c12000-S811866391-08.cnf
5321003, /ubc/cs/project/arrow/projects/Sat_Data/bench/./SAT_Competition2007/random/LargeSize/5SAT/v600/, unif-k5-r20-v600-c12000-S1556473581-06.cnf
5321004, /ubc/cs/project/arrow/projects/Sat_Data/bench/./SAT_Competition2007/random/LargeSize/5SAT/v600/, unif-k5-r20-v600-c12000-S1559029529-16.cnf
5321005, /ubc/cs/project/arrow/projects/Sat_Data/bench/./SAT_Competition2007/random/LargeSize/5SAT/v600/, unif-k5-r20-v600-c12000-S1791291573-05.cnf
5321006, /ubc/cs/project/arrow/projects/Sat_Data/bench/./SAT_Competition2007/random/LargeSize/5SAT/v600/, unif-k5-r20-v600-c12000-S883927618-10.cnf
5321007, /ubc/cs/project/arrow/projects/Sat_Data/bench/./SAT_Competition2007/random/LargeSize/5SAT/v600/, unif-k5-r20-v600-c12000-S2129616968-04.cnf
5321008, /ubc/cs/project/arrow/projects/Sat_Data/bench/./SAT_Competition2007/random/LargeSize/5SAT/v600/, unif-k5-r20-v600-c12000-S388731928-13.cnf
5321009, /ubc/cs/project/arrow/projects/Sat_Data/bench/./SAT_Competition2007/random/LargeSize/5SAT/v600/, unif-k5-r20-v600-c12000-S471246417-03.cnf
5321010, /ubc/cs/project/arrow/projects/Sat_Data/bench/./SAT_Competition2007/random/LargeSize/5SAT/v600/, unif-k5-r20-v600-c12000-S1586629899-14.cnf
5321011, /ubc/cs/project/arrow/projects/Sat_Data/bench/./SAT_Competition2007/random/LargeSize/5SAT/v1000/, unif-k5-r20-v1000-c20000-S274221008-04.cnf
5321012, /ubc/cs/project/arrow/projects/Sat_Data/bench/./SAT_Competition2007/random/LargeSize/5SAT/v1000/, unif-k5-r20-v1000-c20000-S1259611134-14.cnf
5321013, /ubc/cs/project/arrow/projects/Sat_Data/bench/./SAT_Competition2007/random/LargeSize/5SAT/v1000/, unif-k5-r20-v1000-c20000-S1971221253-16.cnf
5321014, /ubc/cs/project/arrow/projects/Sat_Data/bench/./SAT_Competition2007/random/LargeSize/5SAT/v1000/, unif-k5-r20-v1000-c20000-S1463391112-08.cnf
5321015, /ubc/cs/project/arrow/projects/Sat_Data/bench/./SAT_Competition2007/random/LargeSize/5SAT/v1000/, unif-k5-r20-v1000-c20000-S837858872-05.cnf
5321016, /ubc/cs/project/arrow/projects/Sat_Data/bench/./SAT_Competition2007/random/LargeSize/5SAT/v1000/, unif-k5-r20-v1000-c20000-S1022834397-10.cnf
5321017, /ubc/cs/project/arrow/projects/Sat_Data/bench/./SAT_Competition2007/random/LargeSize/5SAT/v1000/, unif-k5-r20-v1000-c20000-S406284248-03.cnf
5321018, /ubc/cs/project/arrow/projects/Sat_Data/bench/./SAT_Competition2007/random/LargeSize/5SAT/v1000/, unif-k5-r20-v1000-c20000-S1172786648-06.cnf
5321019, /ubc/cs/project/arrow/projects/Sat_Data/bench/./SAT_Competition2007/random/LargeSize/5SAT/v1000/, unif-k5-r20-v1000-c20000-S683236487-13.cnf
5321020, /ubc/cs/project/arrow/projects/Sat_Data/bench/./SAT_Competition2007/random/LargeSize/5SAT/v1000/, unif-k5-r20-v1000-c20000-S1342589780-15.cnf
5321021, /ubc/cs/project/arrow/projects/Sat_Data/bench/./SAT_Competition2007/random/LargeSize/5SAT/v1100/, unif-k5-r20-v1100-c22000-S811174248-16.cnf
5321023, /ubc/cs/project/arrow/projects/Sat_Data/bench/./SAT_Competition2007/random/LargeSize/5SAT/v1100/, unif-k5-r20-v1100-c22000-S36357048-10.cnf
5321024, /ubc/cs/project/arrow/projects/Sat_Data/bench/./SAT_Competition2007/random/LargeSize/5SAT/v1100/, unif-k5-r20-v1100-c22000-S1861814752-08.cnf
5321025, /ubc/cs/project/arrow/projects/Sat_Data/bench/./SAT_Competition2007/random/LargeSize/5SAT/v1100/, unif-k5-r20-v1100-c22000-S1128222245-05.cnf
5321026, /ubc/cs/project/arrow/projects/Sat_Data/bench/./SAT_Competition2007/random/LargeSize/5SAT/v1100/, unif-k5-r20-v1100-c22000-S1627256190-14.cnf
5321027, /ubc/cs/project/arrow/projects/Sat_Data/bench/./SAT_Competition2007/random/LargeSize/5SAT/v1100/, unif-k5-r20-v1100-c22000-S260814579-03.cnf
5321028, /ubc/cs/project/arrow/projects/Sat_Data/bench/./SAT_Competition2007/random/LargeSize/5SAT/v1100/, unif-k5-r20-v1100-c22000-S422410882-13.cnf
5321029, /ubc/cs/project/arrow/projects/Sat_Data/bench/./SAT_Competition2007/random/LargeSize/5SAT/v1100/, unif-k5-r20-v1100-c22000-S1243695187-06.cnf
5321030, /ubc/cs/project/arrow/projects/Sat_Data/bench/./SAT_Competition2007/random/LargeSize/5SAT/v1100/, unif-k5-r20-v1100-c22000-S1227285183-04.cnf
5321031, /ubc/cs/project/arrow/projects/Sat_Data/bench/./SAT_Competition2007/random/LargeSize/5SAT/v900/, unif-k5-r20-v900-c18000-S16540223-14.cnf
5321032, /ubc/cs/project/arrow/projects/Sat_Data/bench/./SAT_Competition2007/random/LargeSize/5SAT/v900/, unif-k5-r20-v900-c18000-S422570514-15.cnf
5321033, /ubc/cs/project/arrow/projects/Sat_Data/bench/./SAT_Competition2007/random/LargeSize/5SAT/v900/, unif-k5-r20-v900-c18000-S1175862975-06.cnf
5321034, /ubc/cs/project/arrow/projects/Sat_Data/bench/./SAT_Competition2007/random/LargeSize/5SAT/v900/, unif-k5-r20-v900-c18000-S1517867865-16.cnf
5321035, /ubc/cs/project/arrow/projects/Sat_Data/bench/./SAT_Competition2007/random/LargeSize/5SAT/v900/, unif-k5-r20-v900-c18000-S1207324880-03.cnf
5321036, /ubc/cs/project/arrow/projects/Sat_Data/bench/./SAT_Competition2007/random/LargeSize/5SAT/v900/, unif-k5-r20-v900-c18000-S1285628870-05.cnf
5321037, /ubc/cs/project/arrow/projects/Sat_Data/bench/./SAT_Competition2007/random/LargeSize/5SAT/v900/, unif-k5-r20-v900-c18000-S453945536-08.cnf
5321038, /ubc/cs/project/arrow/projects/Sat_Data/bench/./SAT_Competition2007/random/LargeSize/5SAT/v900/, unif-k5-r20-v900-c18000-S1509822356-13.cnf
5321039, /ubc/cs/project/arrow/projects/Sat_Data/bench/./SAT_Competition2007/random/LargeSize/5SAT/v900/, unif-k5-r20-v900-c18000-S1582455625-10.cnf
5321040, /ubc/cs/project/arrow/projects/Sat_Data/bench/./SAT_Competition2007/random/LargeSize/5SAT/v900/, unif-k5-r20-v900-c18000-S2050975470-04.cnf
5321051, /ubc/cs/project/arrow/projects/Sat_Data/bench/./SAT_Competition2007/random/LargeSize/7SAT/v180/, unif-k7-r85-v180-c15300-S1446471927-04.cnf
5321052, /ubc/cs/project/arrow/projects/Sat_Data/bench/./SAT_Competition2007/random/LargeSize/7SAT/v180/, unif-k7-r85-v180-c15300-S467706592-03.cnf
5321053, /ubc/cs/project/arrow/projects/Sat_Data/bench/./SAT_Competition2007/random/LargeSize/7SAT/v180/, unif-k7-r85-v180-c15300-S1358416858-13.cnf
5321055, /ubc/cs/project/arrow/projects/Sat_Data/bench/./SAT_Competition2007/random/LargeSize/7SAT/v180/, unif-k7-r85-v180-c15300-S793713844-14.cnf
5321057, /ubc/cs/project/arrow/projects/Sat_Data/bench/./SAT_Competition2007/random/LargeSize/7SAT/v180/, unif-k7-r85-v180-c15300-S94225360-10.cnf
5321059, /ubc/cs/project/arrow/projects/Sat_Data/bench/./SAT_Competition2007/random/LargeSize/7SAT/v180/, unif-k7-r85-v180-c15300-S2117580343-16.cnf
5321060, /ubc/cs/project/arrow/projects/Sat_Data/bench/./SAT_Competition2007/random/LargeSize/7SAT/v180/, unif-k7-r85-v180-c15300-S1096972624-15.cnf
5321063, /ubc/cs/project/arrow/projects/Sat_Data/bench/./SAT_Competition2007/random/LargeSize/7SAT/v200/, unif-k7-r85-v200-c17000-S1923240245-08.cnf
5321064, /ubc/cs/project/arrow/projects/Sat_Data/bench/./SAT_Competition2007/random/LargeSize/7SAT/v200/, unif-k7-r85-v200-c17000-S666382280-13.cnf
5321065, /ubc/cs/project/arrow/projects/Sat_Data/bench/./SAT_Competition2007/random/LargeSize/7SAT/v200/, unif-k7-r85-v200-c17000-S478782385-06.cnf
5321069, /ubc/cs/project/arrow/projects/Sat_Data/bench/./SAT_Competition2007/random/LargeSize/7SAT/v200/, unif-k7-r85-v200-c17000-S371462865-10.cnf
5321081, /ubc/cs/project/arrow/projects/Sat_Data/bench/./SAT_Competition2007/random/LargeSize/7SAT/v160/, unif-k7-r85-v160-c13600-S187076430-06.cnf
5321082, /ubc/cs/project/arrow/projects/Sat_Data/bench/./SAT_Competition2007/random/LargeSize/7SAT/v160/, unif-k7-r85-v160-c13600-S417904071-03.cnf
5321083, /ubc/cs/project/arrow/projects/Sat_Data/bench/./SAT_Competition2007/random/LargeSize/7SAT/v160/, unif-k7-r85-v160-c13600-S57566027-15.cnf
5321084, /ubc/cs/project/arrow/projects/Sat_Data/bench/./SAT_Competition2007/random/LargeSize/7SAT/v160/, unif-k7-r85-v160-c13600-S2043900701-05.cnf
5321085, /ubc/cs/project/arrow/projects/Sat_Data/bench/./SAT_Competition2007/random/LargeSize/7SAT/v160/, unif-k7-r85-v160-c13600-S751835224-10.cnf
5321086, /ubc/cs/project/arrow/projects/Sat_Data/bench/./SAT_Competition2007/random/LargeSize/7SAT/v160/, unif-k7-r85-v160-c13600-S679764311-04.cnf
5321087, /ubc/cs/project/arrow/projects/Sat_Data/bench/./SAT_Competition2007/random/LargeSize/7SAT/v160/, unif-k7-r85-v160-c13600-S2053050899-08.cnf
5321088, /ubc/cs/project/arrow/projects/Sat_Data/bench/./SAT_Competition2007/random/LargeSize/7SAT/v160/, unif-k7-r85-v160-c13600-S498187802-14.cnf
5321089, /ubc/cs/project/arrow/projects/Sat_Data/bench/./SAT_Competition2007/random/LargeSize/7SAT/v160/, unif-k7-r85-v160-c13600-S659720099-13.cnf
5321090, /ubc/cs/project/arrow/projects/Sat_Data/bench/./SAT_Competition2007/random/LargeSize/7SAT/v160/, unif-k7-r85-v160-c13600-S1617760096-16.cnf
5321091, /ubc/cs/project/arrow/projects/Sat_Data/bench/./SAT_Competition2007/random/LargeSize/7SAT/v140/, unif-k7-r85-v140-c11900-S1215030506-14.cnf
5321092, /ubc/cs/project/arrow/projects/Sat_Data/bench/./SAT_Competition2007/random/LargeSize/7SAT/v140/, unif-k7-r85-v140-c11900-S1048256369-15.cnf
5321093, /ubc/cs/project/arrow/projects/Sat_Data/bench/./SAT_Competition2007/random/LargeSize/7SAT/v140/, unif-k7-r85-v140-c11900-S120857050-04.cnf
5321094, /ubc/cs/project/arrow/projects/Sat_Data/bench/./SAT_Competition2007/random/LargeSize/7SAT/v140/, unif-k7-r85-v140-c11900-S1826229031-16.cnf
5321095, /ubc/cs/project/arrow/projects/Sat_Data/bench/./SAT_Competition2007/random/LargeSize/7SAT/v140/, unif-k7-r85-v140-c11900-S779713554-13.cnf
5321096, /ubc/cs/project/arrow/projects/Sat_Data/bench/./SAT_Competition2007/random/LargeSize/7SAT/v140/, unif-k7-r85-v140-c11900-S871621203-03.cnf
5321097, /ubc/cs/project/arrow/projects/Sat_Data/bench/./SAT_Competition2007/random/LargeSize/7SAT/v140/, unif-k7-r85-v140-c11900-S1426208256-08.cnf
5321098, /ubc/cs/project/arrow/projects/Sat_Data/bench/./SAT_Competition2007/random/LargeSize/7SAT/v140/, unif-k7-r85-v140-c11900-S342579098-10.cnf
5321099, /ubc/cs/project/arrow/projects/Sat_Data/bench/./SAT_Competition2007/random/LargeSize/7SAT/v140/, unif-k7-r85-v140-c11900-S1998470614-06.cnf
5321100, /ubc/cs/project/arrow/projects/Sat_Data/bench/./SAT_Competition2007/random/LargeSize/7SAT/v140/, unif-k7-r85-v140-c11900-S2026599491-05.cnf
5321101, /ubc/cs/project/arrow/projects/Sat_Data/bench/./SAT_Competition2007/random/LargeSize/3SAT/v16000/, unif-k3-r4.2-v16000-c67200-S81758219-15.cnf
5321102, /ubc/cs/project/arrow/projects/Sat_Data/bench/./SAT_Competition2007/random/LargeSize/3SAT/v16000/, unif-k3-r4.2-v16000-c67200-S886048189-14.cnf
5321104, /ubc/cs/project/arrow/projects/Sat_Data/bench/./SAT_Competition2007/random/LargeSize/3SAT/v16000/, unif-k3-r4.2-v16000-c67200-S448238512-10.cnf
5321105, /ubc/cs/project/arrow/projects/Sat_Data/bench/./SAT_Competition2007/random/LargeSize/3SAT/v16000/, unif-k3-r4.2-v16000-c67200-S1600965758-04.cnf
5321106, /ubc/cs/project/arrow/projects/Sat_Data/bench/./SAT_Competition2007/random/LargeSize/3SAT/v16000/, unif-k3-r4.2-v16000-c67200-S1415445307-13.cnf
5321107, /ubc/cs/project/arrow/projects/Sat_Data/bench/./SAT_Competition2007/random/LargeSize/3SAT/v16000/, unif-k3-r4.2-v16000-c67200-S1099746708-06.cnf
5321108, /ubc/cs/project/arrow/projects/Sat_Data/bench/./SAT_Competition2007/random/LargeSize/3SAT/v16000/, unif-k3-r4.2-v16000-c67200-S791125864-16.cnf
5321110, /ubc/cs/project/arrow/projects/Sat_Data/bench/./SAT_Competition2007/random/LargeSize/3SAT/v16000/, unif-k3-r4.2-v16000-c67200-S1826381479-08.cnf
5321111, /ubc/cs/project/arrow/projects/Sat_Data/bench/./SAT_Competition2007/random/LargeSize/3SAT/v4000/, unif-k3-r4.2-v4000-c16800-S1946534526-16.cnf
5321112, /ubc/cs/project/arrow/projects/Sat_Data/bench/./SAT_Competition2007/random/LargeSize/3SAT/v4000/, unif-k3-r4.2-v4000-c16800-S1580061366-10.cnf
5321113, /ubc/cs/project/arrow/projects/Sat_Data/bench/./SAT_Competition2007/random/LargeSize/3SAT/v4000/, unif-k3-r4.2-v4000-c16800-S1178874381-13.cnf
5321114, /ubc/cs/project/arrow/projects/Sat_Data/bench/./SAT_Competition2007/random/LargeSize/3SAT/v4000/, unif-k3-r4.2-v4000-c16800-S669431406-04.cnf
5321115, /ubc/cs/project/arrow/projects/Sat_Data/bench/./SAT_Competition2007/random/LargeSize/3SAT/v4000/, unif-k3-r4.2-v4000-c16800-S417670629-08.cnf
5321116, /ubc/cs/project/arrow/projects/Sat_Data/bench/./SAT_Competition2007/random/LargeSize/3SAT/v4000/, unif-k3-r4.2-v4000-c16800-S251010207-06.cnf
5321117, /ubc/cs/project/arrow/projects/Sat_Data/bench/./SAT_Competition2007/random/LargeSize/3SAT/v4000/, unif-k3-r4.2-v4000-c16800-S313074252-14.cnf
5321119, /ubc/cs/project/arrow/projects/Sat_Data/bench/./SAT_Competition2007/random/LargeSize/3SAT/v4000/, unif-k3-r4.2-v4000-c16800-S440063851-05.cnf
5321120, /ubc/cs/project/arrow/projects/Sat_Data/bench/./SAT_Competition2007/random/LargeSize/3SAT/v4000/, unif-k3-r4.2-v4000-c16800-S1588170820-15.cnf
5321121, /ubc/cs/project/arrow/projects/Sat_Data/bench/./SAT_Competition2007/random/LargeSize/3SAT/v10000/, unif-k3-r4.2-v10000-c42000-S1274869912-15.cnf
5321122, /ubc/cs/project/arrow/projects/Sat_Data/bench/./SAT_Competition2007/random/LargeSize/3SAT/v10000/, unif-k3-r4.2-v10000-c42000-S971732863-03.cnf
5321123, /ubc/cs/project/arrow/projects/Sat_Data/bench/./SAT_Competition2007/random/LargeSize/3SAT/v10000/, unif-k3-r4.2-v10000-c42000-S421554531-04.cnf
5321124, /ubc/cs/project/arrow/projects/Sat_Data/bench/./SAT_Competition2007/random/LargeSize/3SAT/v10000/, unif-k3-r4.2-v10000-c42000-S1438185261-13.cnf
5321125, /ubc/cs/project/arrow/projects/Sat_Data/bench/./SAT_Competition2007/random/LargeSize/3SAT/v10000/, unif-k3-r4.2-v10000-c42000-S897388318-05.cnf
5321126, /ubc/cs/project/arrow/projects/Sat_Data/bench/./SAT_Competition2007/random/LargeSize/3SAT/v10000/, unif-k3-r4.2-v10000-c42000-S1145101718-14.cnf
5321127, /ubc/cs/project/arrow/projects/Sat_Data/bench/./SAT_Competition2007/random/LargeSize/3SAT/v10000/, unif-k3-r4.2-v10000-c42000-S1173369833-06.cnf
5321128, /ubc/cs/project/arrow/projects/Sat_Data/bench/./SAT_Competition2007/random/LargeSize/3SAT/v10000/, unif-k3-r4.2-v10000-c42000-S657313757-16.cnf
5321129, /ubc/cs/project/arrow/projects/Sat_Data/bench/./SAT_Competition2007/random/LargeSize/3SAT/v10000/, unif-k3-r4.2-v10000-c42000-S597645631-10.cnf
5321130, /ubc/cs/project/arrow/projects/Sat_Data/bench/./SAT_Competition2007/random/LargeSize/3SAT/v10000/, unif-k3-r4.2-v10000-c42000-S1912540524-08.cnf
5321131, /ubc/cs/project/arrow/projects/Sat_Data/bench/./SAT_Competition2007/random/LargeSize/3SAT/v7000/, unif-k3-r4.2-v7000-c29400-S2051531193-03.cnf
5321132, /ubc/cs/project/arrow/projects/Sat_Data/bench/./SAT_Competition2007/random/LargeSize/3SAT/v7000/, unif-k3-r4.2-v7000-c29400-S427890210-10.cnf
5321133, /ubc/cs/project/arrow/projects/Sat_Data/bench/./SAT_Competition2007/random/LargeSize/3SAT/v7000/, unif-k3-r4.2-v7000-c29400-S856579407-15.cnf
5321134, /ubc/cs/project/arrow/projects/Sat_Data/bench/./SAT_Competition2007/random/LargeSize/3SAT/v7000/, unif-k3-r4.2-v7000-c29400-S880121748-08.cnf
5321135, /ubc/cs/project/arrow/projects/Sat_Data/bench/./SAT_Competition2007/random/LargeSize/3SAT/v7000/, unif-k3-r4.2-v7000-c29400-S67600799-16.cnf
5321136, /ubc/cs/project/arrow/projects/Sat_Data/bench/./SAT_Competition2007/random/LargeSize/3SAT/v7000/, unif-k3-r4.2-v7000-c29400-S56884336-05.cnf
5321137, /ubc/cs/project/arrow/projects/Sat_Data/bench/./SAT_Competition2007/random/LargeSize/3SAT/v7000/, unif-k3-r4.2-v7000-c29400-S565127616-04.cnf
5321138, /ubc/cs/project/arrow/projects/Sat_Data/bench/./SAT_Competition2007/random/LargeSize/3SAT/v7000/, unif-k3-r4.2-v7000-c29400-S2118640909-06.cnf
5321139, /ubc/cs/project/arrow/projects/Sat_Data/bench/./SAT_Competition2007/random/LargeSize/3SAT/v7000/, unif-k3-r4.2-v7000-c29400-S102550125-14.cnf
5321140, /ubc/cs/project/arrow/projects/Sat_Data/bench/./SAT_Competition2007/random/LargeSize/3SAT/v7000/, unif-k3-r4.2-v7000-c29400-S1312035429-13.cnf
5321141, /ubc/cs/project/arrow/projects/Sat_Data/bench/./SAT_Competition2007/random/LargeSize/3SAT/v13000/, unif-k3-r4.2-v13000-c54600-S287388441-16.cnf
5321143, /ubc/cs/project/arrow/projects/Sat_Data/bench/./SAT_Competition2007/random/LargeSize/3SAT/v13000/, unif-k3-r4.2-v13000-c54600-S1054448974-13.cnf
5321144, /ubc/cs/project/arrow/projects/Sat_Data/bench/./SAT_Competition2007/random/LargeSize/3SAT/v13000/, unif-k3-r4.2-v13000-c54600-S1416986890-04.cnf
5321145, /ubc/cs/project/arrow/projects/Sat_Data/bench/./SAT_Competition2007/random/LargeSize/3SAT/v13000/, unif-k3-r4.2-v13000-c54600-S1986560013-06.cnf
5321147, /ubc/cs/project/arrow/projects/Sat_Data/bench/./SAT_Competition2007/random/LargeSize/3SAT/v13000/, unif-k3-r4.2-v13000-c54600-S1189233705-10.cnf
5321148, /ubc/cs/project/arrow/projects/Sat_Data/bench/./SAT_Competition2007/random/LargeSize/3SAT/v13000/, unif-k3-r4.2-v13000-c54600-S1890278326-03.cnf
5321151, /ubc/cs/project/arrow/projects/Sat_Data/bench/./SAT_Competition2007/random/LargeSize/3SAT/v19000/, unif-k3-r4.2-v19000-c79800-S1753083943-04.cnf
5321152, /ubc/cs/project/arrow/projects/Sat_Data/bench/./SAT_Competition2007/random/LargeSize/3SAT/v19000/, unif-k3-r4.2-v19000-c79800-S1496322949-03.cnf
5321153, /ubc/cs/project/arrow/projects/Sat_Data/bench/./SAT_Competition2007/random/LargeSize/3SAT/v19000/, unif-k3-r4.2-v19000-c79800-S49237390-14.cnf
5321156, /ubc/cs/project/arrow/projects/Sat_Data/bench/./SAT_Competition2007/random/LargeSize/3SAT/v19000/, unif-k3-r4.2-v19000-c79800-S1106616038-10.cnf
5321158, /ubc/cs/project/arrow/projects/Sat_Data/bench/./SAT_Competition2007/random/LargeSize/3SAT/v19000/, unif-k3-r4.2-v19000-c79800-S1661055114-06.cnf
5321160, /ubc/cs/project/arrow/projects/Sat_Data/bench/./SAT_Competition2007/random/LargeSize/3SAT/v19000/, unif-k3-r4.2-v19000-c79800-S1875179522-13.cnf
5321161, /ubc/cs/project/arrow/projects/Sat_Data/bench/./SAT_Competition2007/random/OnTreshold/5SAT/v80/, unif-k5-r21.3-v80-c1704-S309048450-11.SAT.shuffled.cnf
5321163, /ubc/cs/project/arrow/projects/Sat_Data/bench/./SAT_Competition2007/random/OnTreshold/5SAT/v80/, unif-k5-r21.3-v80-c1704-S1456895752-14.SAT.shuffled.cnf
5321164, /ubc/cs/project/arrow/projects/Sat_Data/bench/./SAT_Competition2007/random/OnTreshold/5SAT/v80/, unif-k5-r21.3-v80-c1704-S256297823-16.SAT.shuffled.cnf
5321165, /ubc/cs/project/arrow/projects/Sat_Data/bench/./SAT_Competition2007/random/OnTreshold/5SAT/v80/, unif-k5-r21.3-v80-c1704-S1210495375-04.SAT.shuffled.cnf
5321167, /ubc/cs/project/arrow/projects/Sat_Data/bench/./SAT_Competition2007/random/OnTreshold/5SAT/v80/, unif-k5-r21.3-v80-c1704-S1264328999-02.SAT.shuffled.cnf
5321172, /ubc/cs/project/arrow/projects/Sat_Data/bench/./SAT_Competition2007/random/OnTreshold/5SAT/v70/, unif-k5-r21.3-v70-c1491-S236549621-14.SAT.shuffled.cnf
5321173, /ubc/cs/project/arrow/projects/Sat_Data/bench/./SAT_Competition2007/random/OnTreshold/5SAT/v70/, unif-k5-r21.3-v70-c1491-S15127148-17.SAT.shuffled.cnf
5321175, /ubc/cs/project/arrow/projects/Sat_Data/bench/./SAT_Competition2007/random/OnTreshold/5SAT/v70/, unif-k5-r21.3-v70-c1491-S2006871543-06.SAT.shuffled.cnf
5321176, /ubc/cs/project/arrow/projects/Sat_Data/bench/./SAT_Competition2007/random/OnTreshold/5SAT/v70/, unif-k5-r21.3-v70-c1491-S2081149830-10.SAT.shuffled.cnf
5321177, /ubc/cs/project/arrow/projects/Sat_Data/bench/./SAT_Competition2007/random/OnTreshold/5SAT/v70/, unif-k5-r21.3-v70-c1491-S1416418480-05.SAT.shuffled.cnf
5321181, /ubc/cs/project/arrow/projects/Sat_Data/bench/./SAT_Competition2007/random/OnTreshold/5SAT/v90/, unif-k5-r21.3-v90-c1917-S1342521403-06.SAT.shuffled.cnf
5321185, /ubc/cs/project/arrow/projects/Sat_Data/bench/./SAT_Competition2007/random/OnTreshold/5SAT/v90/, unif-k5-r21.3-v90-c1917-S1674723394-12.SAT.shuffled.cnf
5321186, /ubc/cs/project/arrow/projects/Sat_Data/bench/./SAT_Competition2007/random/OnTreshold/5SAT/v90/, unif-k5-r21.3-v90-c1917-S1282416669-17.SAT.shuffled.cnf
5321188, /ubc/cs/project/arrow/projects/Sat_Data/bench/./SAT_Competition2007/random/OnTreshold/5SAT/v90/, unif-k5-r21.3-v90-c1917-S1445529008-02.SAT.shuffled.cnf
5321190, /ubc/cs/project/arrow/projects/Sat_Data/bench/./SAT_Competition2007/random/OnTreshold/5SAT/v90/, unif-k5-r21.3-v90-c1917-S122221229-14.SAT.shuffled.cnf
5321191, /ubc/cs/project/arrow/projects/Sat_Data/bench/./SAT_Competition2007/random/OnTreshold/5SAT/v100/, unif-k5-r21.3-v100-c2130-S744612847-12.SAT.shuffled.cnf
5321192, /ubc/cs/project/arrow/projects/Sat_Data/bench/./SAT_Competition2007/random/OnTreshold/5SAT/v100/, unif-k5-r21.3-v100-c2130-S455021619-18.SAT.shuffled.cnf
5321193, /ubc/cs/project/arrow/projects/Sat_Data/bench/./SAT_Competition2007/random/OnTreshold/5SAT/v100/, unif-k5-r21.3-v100-c2130-S1180773190-07.SAT.shuffled.cnf
5321195, /ubc/cs/project/arrow/projects/Sat_Data/bench/./SAT_Competition2007/random/OnTreshold/5SAT/v100/, unif-k5-r21.3-v100-c2130-S804631280-01.SAT.shuffled.cnf
5321199, /ubc/cs/project/arrow/projects/Sat_Data/bench/./SAT_Competition2007/random/OnTreshold/5SAT/v100/, unif-k5-r21.3-v100-c2130-S1047920973-05.SAT.shuffled.cnf
5321201, /ubc/cs/project/arrow/projects/Sat_Data/bench/./SAT_Competition2007/random/OnTreshold/5SAT/v120/, unif-k5-r21.3-v120-c2556-S340864765-13.SAT.shuffled.cnf
5321202, /ubc/cs/project/arrow/projects/Sat_Data/bench/./SAT_Competition2007/random/OnTreshold/5SAT/v120/, unif-k5-r21.3-v120-c2556-S1191693850-19.SAT.shuffled.cnf
5321203, /ubc/cs/project/arrow/projects/Sat_Data/bench/./SAT_Competition2007/random/OnTreshold/5SAT/v120/, unif-k5-r21.3-v120-c2556-S429936805-03.SAT.shuffled.cnf
5321209, /ubc/cs/project/arrow/projects/Sat_Data/bench/./SAT_Competition2007/random/OnTreshold/5SAT/v120/, unif-k5-r21.3-v120-c2556-S1615006153-07.SAT.shuffled.cnf
5321210, /ubc/cs/project/arrow/projects/Sat_Data/bench/./SAT_Competition2007/random/OnTreshold/5SAT/v120/, unif-k5-r21.3-v120-c2556-S1376493471-11.SAT.shuffled.cnf
5321211, /ubc/cs/project/arrow/projects/Sat_Data/bench/./SAT_Competition2007/random/OnTreshold/5SAT/v110/, unif-k5-r21.3-v110-c2343-S1869272420-19.SAT.shuffled.cnf
5321215, /ubc/cs/project/arrow/projects/Sat_Data/bench/./SAT_Competition2007/random/OnTreshold/5SAT/v110/, unif-k5-r21.3-v110-c2343-S2044406543-15.SAT.shuffled.cnf
5321216, /ubc/cs/project/arrow/projects/Sat_Data/bench/./SAT_Competition2007/random/OnTreshold/5SAT/v110/, unif-k5-r21.3-v110-c2343-S2094099432-08.SAT.shuffled.cnf
5321217, /ubc/cs/project/arrow/projects/Sat_Data/bench/./SAT_Competition2007/random/OnTreshold/5SAT/v110/, unif-k5-r21.3-v110-c2343-S1813726766-14.SAT.shuffled.cnf
5321218, /ubc/cs/project/arrow/projects/Sat_Data/bench/./SAT_Competition2007/random/OnTreshold/5SAT/v110/, unif-k5-r21.3-v110-c2343-S1019153514-04.SAT.shuffled.cnf
5321222, /ubc/cs/project/arrow/projects/Sat_Data/bench/./SAT_Competition2007/random/OnTreshold/5SAT/v130/, unif-k5-r21.3-v130-c2769-S1284937235-05.SAT.shuffled.cnf
5321223, /ubc/cs/project/arrow/projects/Sat_Data/bench/./SAT_Competition2007/random/OnTreshold/5SAT/v130/, unif-k5-r21.3-v130-c2769-S1513299405-10.SAT.shuffled.cnf
5321224, /ubc/cs/project/arrow/projects/Sat_Data/bench/./SAT_Competition2007/random/OnTreshold/5SAT/v130/, unif-k5-r21.3-v130-c2769-S116991008-16.SAT.shuffled.cnf
5321225, /ubc/cs/project/arrow/projects/Sat_Data/bench/./SAT_Competition2007/random/OnTreshold/5SAT/v130/, unif-k5-r21.3-v130-c2769-S1109841921-18.SAT.shuffled.cnf
5321230, /ubc/cs/project/arrow/projects/Sat_Data/bench/./SAT_Competition2007/random/OnTreshold/5SAT/v130/, unif-k5-r21.3-v130-c2769-S1032474357-17.SAT.shuffled.cnf
5321231, /ubc/cs/project/arrow/projects/Sat_Data/bench/./SAT_Competition2007/random/OnTreshold/7SAT/v50/, unif-k7-r89-v50-c4450-S1390822082-06.SAT.shuffled.cnf
5321232, /ubc/cs/project/arrow/projects/Sat_Data/bench/./SAT_Competition2007/random/OnTreshold/7SAT/v50/, unif-k7-r89-v50-c4450-S228456758-12.SAT.shuffled.cnf
5321233, /ubc/cs/project/arrow/projects/Sat_Data/bench/./SAT_Competition2007/random/OnTreshold/7SAT/v50/, unif-k7-r89-v50-c4450-S1755163742-08.SAT.shuffled.cnf
5321239, /ubc/cs/project/arrow/projects/Sat_Data/bench/./SAT_Competition2007/random/OnTreshold/7SAT/v50/, unif-k7-r89-v50-c4450-S1830776056-07.SAT.shuffled.cnf
5321240, /ubc/cs/project/arrow/projects/Sat_Data/bench/./SAT_Competition2007/random/OnTreshold/7SAT/v50/, unif-k7-r89-v50-c4450-S1718130589-01.SAT.shuffled.cnf
5321243, /ubc/cs/project/arrow/projects/Sat_Data/bench/./SAT_Competition2007/random/OnTreshold/7SAT/v65/, unif-k7-r89-v65-c5785-S1481196126-03.SAT.shuffled.cnf
5321245, /ubc/cs/project/arrow/projects/Sat_Data/bench/./SAT_Competition2007/random/OnTreshold/7SAT/v65/, unif-k7-r89-v65-c5785-S2099893633-17.SAT.shuffled.cnf
5321246, /ubc/cs/project/arrow/projects/Sat_Data/bench/./SAT_Competition2007/random/OnTreshold/7SAT/v65/, unif-k7-r89-v65-c5785-S1678989107-02.SAT.shuffled.cnf
5321248, /ubc/cs/project/arrow/projects/Sat_Data/bench/./SAT_Competition2007/random/OnTreshold/7SAT/v65/, unif-k7-r89-v65-c5785-S316555917-14.SAT.shuffled.cnf
5321249, /ubc/cs/project/arrow/projects/Sat_Data/bench/./SAT_Competition2007/random/OnTreshold/7SAT/v65/, unif-k7-r89-v65-c5785-S461794864-15.SAT.shuffled.cnf
5321251, /ubc/cs/project/arrow/projects/Sat_Data/bench/./SAT_Competition2007/random/OnTreshold/7SAT/v55/, unif-k7-r89-v55-c4895-S1553613509-20.SAT.shuffled.cnf
5321253, /ubc/cs/project/arrow/projects/Sat_Data/bench/./SAT_Competition2007/random/OnTreshold/7SAT/v55/, unif-k7-r89-v55-c4895-S1214515938-10.SAT.shuffled.cnf
5321254, /ubc/cs/project/arrow/projects/Sat_Data/bench/./SAT_Competition2007/random/OnTreshold/7SAT/v55/, unif-k7-r89-v55-c4895-S1292104917-07.SAT.shuffled.cnf
5321258, /ubc/cs/project/arrow/projects/Sat_Data/bench/./SAT_Competition2007/random/OnTreshold/7SAT/v55/, unif-k7-r89-v55-c4895-S1344671309-04.SAT.shuffled.cnf
5321260, /ubc/cs/project/arrow/projects/Sat_Data/bench/./SAT_Competition2007/random/OnTreshold/7SAT/v55/, unif-k7-r89-v55-c4895-S108421787-03.SAT.shuffled.cnf
5321261, /ubc/cs/project/arrow/projects/Sat_Data/bench/./SAT_Competition2007/random/OnTreshold/7SAT/v70/, unif-k7-r89-v70-c6230-S1084572666-19.SAT.shuffled.cnf
5321264, /ubc/cs/project/arrow/projects/Sat_Data/bench/./SAT_Competition2007/random/OnTreshold/7SAT/v70/, unif-k7-r89-v70-c6230-S1907907390-05.SAT.shuffled.cnf
5321265, /ubc/cs/project/arrow/projects/Sat_Data/bench/./SAT_Competition2007/random/OnTreshold/7SAT/v70/, unif-k7-r89-v70-c6230-S1533440099-09.SAT.shuffled.cnf
5321268, /ubc/cs/project/arrow/projects/Sat_Data/bench/./SAT_Competition2007/random/OnTreshold/7SAT/v70/, unif-k7-r89-v70-c6230-S1106151685-15.SAT.shuffled.cnf
5321269, /ubc/cs/project/arrow/projects/Sat_Data/bench/./SAT_Competition2007/random/OnTreshold/7SAT/v70/, unif-k7-r89-v70-c6230-S1635684145-01.SAT.shuffled.cnf
5321271, /ubc/cs/project/arrow/projects/Sat_Data/bench/./SAT_Competition2007/random/OnTreshold/7SAT/v60/, unif-k7-r89-v60-c5340-S1319091742-10.SAT.shuffled.cnf
5321276, /ubc/cs/project/arrow/projects/Sat_Data/bench/./SAT_Competition2007/random/OnTreshold/7SAT/v60/, unif-k7-r89-v60-c5340-S1846251911-07.SAT.shuffled.cnf
5321277, /ubc/cs/project/arrow/projects/Sat_Data/bench/./SAT_Competition2007/random/OnTreshold/7SAT/v60/, unif-k7-r89-v60-c5340-S1093254405-20.SAT.shuffled.cnf
5321278, /ubc/cs/project/arrow/projects/Sat_Data/bench/./SAT_Competition2007/random/OnTreshold/7SAT/v60/, unif-k7-r89-v60-c5340-S1783894026-19.SAT.shuffled.cnf
5321279, /ubc/cs/project/arrow/projects/Sat_Data/bench/./SAT_Competition2007/random/OnTreshold/7SAT/v60/, unif-k7-r89-v60-c5340-S1372215289-05.SAT.shuffled.cnf
5321283, /ubc/cs/project/arrow/projects/Sat_Data/bench/./SAT_Competition2007/random/OnTreshold/7SAT/v45/, unif-k7-r89-v45-c4005-S1437321789-17.SAT.shuffled.cnf
5321285, /ubc/cs/project/arrow/projects/Sat_Data/bench/./SAT_Competition2007/random/OnTreshold/7SAT/v45/, unif-k7-r89-v45-c4005-S1529462267-19.SAT.shuffled.cnf
5321286, /ubc/cs/project/arrow/projects/Sat_Data/bench/./SAT_Competition2007/random/OnTreshold/7SAT/v45/, unif-k7-r89-v45-c4005-S1566131367-09.SAT.shuffled.cnf
5321287, /ubc/cs/project/arrow/projects/Sat_Data/bench/./SAT_Competition2007/random/OnTreshold/7SAT/v45/, unif-k7-r89-v45-c4005-S1344401737-18.SAT.shuffled.cnf
5321288, /ubc/cs/project/arrow/projects/Sat_Data/bench/./SAT_Competition2007/random/OnTreshold/7SAT/v45/, unif-k7-r89-v45-c4005-S1155547357-11.SAT.shuffled.cnf
5321292, /ubc/cs/project/arrow/projects/Sat_Data/bench/./SAT_Competition2007/random/OnTreshold/7SAT/v75/, unif-k7-r89-v75-c6675-S1534329206-02.SAT.shuffled.cnf
5321294, /ubc/cs/project/arrow/projects/Sat_Data/bench/./SAT_Competition2007/random/OnTreshold/7SAT/v75/, unif-k7-r89-v75-c6675-S1785258608-13.SAT.shuffled.cnf
5321295, /ubc/cs/project/arrow/projects/Sat_Data/bench/./SAT_Competition2007/random/OnTreshold/7SAT/v75/, unif-k7-r89-v75-c6675-S1299158672-14.SAT.shuffled.cnf
5321297, /ubc/cs/project/arrow/projects/Sat_Data/bench/./SAT_Competition2007/random/OnTreshold/7SAT/v75/, unif-k7-r89-v75-c6675-S1572638390-17.SAT.shuffled.cnf
5321299, /ubc/cs/project/arrow/projects/Sat_Data/bench/./SAT_Competition2007/random/OnTreshold/7SAT/v75/, unif-k7-r89-v75-c6675-S1963596997-08.SAT.shuffled.cnf
5321300, /ubc/cs/project/arrow/projects/Sat_Data/bench/./SAT_Competition2007/random/OnTreshold/7SAT/v75/, unif-k7-r89-v75-c6675-S1307117813-09.UNSAT.shuffled.cnf
5321302, /ubc/cs/project/arrow/projects/Sat_Data/bench/./SAT_Competition2007/random/OnTreshold/3SAT/v550/, unif-k3-r4.26-v550-c2343-S1456038697-16.SAT.shuffled.cnf
5321303, /ubc/cs/project/arrow/projects/Sat_Data/bench/./SAT_Competition2007/random/OnTreshold/3SAT/v550/, unif-k3-r4.26-v550-c2343-S1699479488-11.SAT.shuffled.cnf
5321304, /ubc/cs/project/arrow/projects/Sat_Data/bench/./SAT_Competition2007/random/OnTreshold/3SAT/v550/, unif-k3-r4.26-v550-c2343-S1141835011-09.SAT.shuffled.cnf
5321305, /ubc/cs/project/arrow/projects/Sat_Data/bench/./SAT_Competition2007/random/OnTreshold/3SAT/v550/, unif-k3-r4.26-v550-c2343-S1238286461-19.SAT.shuffled.cnf
5321309, /ubc/cs/project/arrow/projects/Sat_Data/bench/./SAT_Competition2007/random/OnTreshold/3SAT/v550/, unif-k3-r4.26-v550-c2343-S1166224100-13.SAT.shuffled.cnf
5321312, /ubc/cs/project/arrow/projects/Sat_Data/bench/./SAT_Competition2007/random/OnTreshold/3SAT/v450/, unif-k3-r4.25-v450-c1912-S216896591-15.SAT.shuffled.cnf
5321314, /ubc/cs/project/arrow/projects/Sat_Data/bench/./SAT_Competition2007/random/OnTreshold/3SAT/v450/, unif-k3-r4.25-v450-c1912-S1483146927-18.SAT.shuffled.cnf
5321316, /ubc/cs/project/arrow/projects/Sat_Data/bench/./SAT_Competition2007/random/OnTreshold/3SAT/v450/, unif-k3-r4.25-v450-c1912-S1113882813-11.SAT.shuffled.cnf
5321319, /ubc/cs/project/arrow/projects/Sat_Data/bench/./SAT_Competition2007/random/OnTreshold/3SAT/v450/, unif-k3-r4.25-v450-c1912-S1950672055-10.SAT.shuffled.cnf
5321320, /ubc/cs/project/arrow/projects/Sat_Data/bench/./SAT_Competition2007/random/OnTreshold/3SAT/v450/, unif-k3-r4.25-v450-c1912-S1279599478-02.SAT.shuffled.cnf
5321322, /ubc/cs/project/arrow/projects/Sat_Data/bench/./SAT_Competition2007/random/OnTreshold/3SAT/v500/, unif-k3-r4.26-v500-c2130-S1490740667-05.SAT.shuffled.cnf
5321323, /ubc/cs/project/arrow/projects/Sat_Data/bench/./SAT_Competition2007/random/OnTreshold/3SAT/v500/, unif-k3-r4.26-v500-c2130-S539876024-03.SAT.shuffled.cnf
5321325, /ubc/cs/project/arrow/projects/Sat_Data/bench/./SAT_Competition2007/random/OnTreshold/3SAT/v500/, unif-k3-r4.26-v500-c2130-S44928635-12.SAT.shuffled.cnf
5321326, /ubc/cs/project/arrow/projects/Sat_Data/bench/./SAT_Competition2007/random/OnTreshold/3SAT/v500/, unif-k3-r4.26-v500-c2130-S1965764400-19.SAT.shuffled.cnf
5321329, /ubc/cs/project/arrow/projects/Sat_Data/bench/./SAT_Competition2007/random/OnTreshold/3SAT/v500/, unif-k3-r4.26-v500-c2130-S1736865558-13.SAT.shuffled.cnf
5321331, /ubc/cs/project/arrow/projects/Sat_Data/bench/./SAT_Competition2007/random/OnTreshold/3SAT/v360/, unif-k3-r4.26-v360-c1533-S1257266562-15.SAT.shuffled.cnf
5321334, /ubc/cs/project/arrow/projects/Sat_Data/bench/./SAT_Competition2007/random/OnTreshold/3SAT/v360/, unif-k3-r4.26-v360-c1533-S2109173872-19.SAT.shuffled.cnf
5321335, /ubc/cs/project/arrow/projects/Sat_Data/bench/./SAT_Competition2007/random/OnTreshold/3SAT/v360/, unif-k3-r4.26-v360-c1533-S1422217194-16.SAT.shuffled.cnf
5321336, /ubc/cs/project/arrow/projects/Sat_Data/bench/./SAT_Competition2007/random/OnTreshold/3SAT/v360/, unif-k3-r4.26-v360-c1533-S1217224084-10.SAT.shuffled.cnf
5321340, /ubc/cs/project/arrow/projects/Sat_Data/bench/./SAT_Competition2007/random/OnTreshold/3SAT/v360/, unif-k3-r4.26-v360-c1533-S1806915801-08.SAT.shuffled.cnf
5321343, /ubc/cs/project/arrow/projects/Sat_Data/bench/./SAT_Competition2007/random/OnTreshold/3SAT/v600/, unif-k3-r4.261-v600-c2556-S1982407920-12.SAT.shuffled.cnf
5321346, /ubc/cs/project/arrow/projects/Sat_Data/bench/./SAT_Competition2007/random/OnTreshold/3SAT/v600/, unif-k3-r4.261-v600-c2556-S1540370200-13.SAT.shuffled.cnf
5321348, /ubc/cs/project/arrow/projects/Sat_Data/bench/./SAT_Competition2007/random/OnTreshold/3SAT/v600/, unif-k3-r4.261-v600-c2556-S1496918883-18.SAT.shuffled.cnf
5321349, /ubc/cs/project/arrow/projects/Sat_Data/bench/./SAT_Competition2007/random/OnTreshold/3SAT/v600/, unif-k3-r4.261-v600-c2556-S1104692480-03.SAT.shuffled.cnf
5321350, /ubc/cs/project/arrow/projects/Sat_Data/bench/./SAT_Competition2007/random/OnTreshold/3SAT/v600/, unif-k3-r4.261-v600-c2556-S1775402689-01.SAT.shuffled.cnf
5321351, /ubc/cs/project/arrow/projects/Sat_Data/bench/./SAT_Competition2007/random/OnTreshold/3SAT/v650/, unif-k3-r4.261-v650-c2769-S1159448555-06.SAT.shuffled.cnf
5321353, /ubc/cs/project/arrow/projects/Sat_Data/bench/./SAT_Competition2007/random/OnTreshold/3SAT/v650/, unif-k3-r4.261-v650-c2769-S1481730841-18.SAT.shuffled.cnf
5321354, /ubc/cs/project/arrow/projects/Sat_Data/bench/./SAT_Competition2007/random/OnTreshold/3SAT/v650/, unif-k3-r4.261-v650-c2769-S1470952774-07.SAT.shuffled.cnf
5321357, /ubc/cs/project/arrow/projects/Sat_Data/bench/./SAT_Competition2007/random/OnTreshold/3SAT/v650/, unif-k3-r4.261-v650-c2769-S1172355929-14.SAT.shuffled.cnf
5321359, /ubc/cs/project/arrow/projects/Sat_Data/bench/./SAT_Competition2007/random/OnTreshold/3SAT/v650/, unif-k3-r4.261-v650-c2769-S1089058690-02.SAT.shuffled.cnf
5321361, /ubc/cs/project/arrow/projects/Sat_Data/bench/./SAT_Competition2007/random/OnTreshold/3SAT/v400/, unif-k3-r4.26-v400-c1704-S1752604460-10.SAT.shuffled.cnf
5321362, /ubc/cs/project/arrow/projects/Sat_Data/bench/./SAT_Competition2007/random/OnTreshold/3SAT/v400/, unif-k3-r4.26-v400-c1704-S1031412672-05.SAT.shuffled.cnf
5321367, /ubc/cs/project/arrow/projects/Sat_Data/bench/./SAT_Competition2007/random/OnTreshold/3SAT/v400/, unif-k3-r4.26-v400-c1704-S2048803580-17.SAT.shuffled.cnf
5321368, /ubc/cs/project/arrow/projects/Sat_Data/bench/./SAT_Competition2007/random/OnTreshold/3SAT/v400/, unif-k3-r4.26-v400-c1704-S1561551265-12.SAT.shuffled.cnf
5321370, /ubc/cs/project/arrow/projects/Sat_Data/bench/./SAT_Competition2007/random/OnTreshold/3SAT/v400/, unif-k3-r4.26-v400-c1704-S141590207-13.SAT.shuffled.cnf
